f_0,f_2,f_3,f_6,f_4,f_5,f_1
52,31.2,0,9625.92,false,southwest,female
58,39.05,0,11856.4115,false,southeast,female
18,31.92,0,2205.9808,false,northeast,female
41,31.02,0,6185.3208,false,southeast,female
27,32.395,1,18903.49141,false,northeast,female
25,34.485,0,3021.80915,false,northwest,female
28,33.11,0,3171.6149,false,southeast,female
35,35.815,1,5630.45785,false,northwest,female
61,35.91,0,13635.6379,false,northeast,female
52,46.75,5,12592.5345,false,southeast,female
62,29.92,0,13457.9608,false,southeast,female
45,25.7,3,9101.798,false,southwest,female
55,32.775,2,12268.63225,false,northwest,female
24,29.925,0,2850.68375,false,northwest,female
53,38.06,3,20462.99766,false,southeast,female
45,35.815,0,7731.85785,false,northwest,female
22,21.28,3,4296.2712,false,northwest,female
50,31.6,2,10118.424,false,southwest,female
62,36.86,1,31620.00106,false,northeast,female
40,25.46,1,7077.1894,false,northeast,female
52,24.86,0,27117.99378,false,southeast,female
57,38.0,2,12646.207,false,southwest,female
20,30.59,0,2459.7201,false,northeast,female
47,45.32,1,8569.8618,false,southeast,female
56,35.8,1,11674.13,false,southwest,female
59,35.2,0,12244.531,false,southeast,female
39,23.275,3,7986.47525,false,northeast,female
46,27.72,1,8232.6388,false,southeast,female
42,29.48,2,7640.3092,false,southeast,female
30,32.4,1,4149.736,false,southwest,female
54,28.88,2,12096.6512,false,northeast,female
33,39.82,1,4795.6568,false,southeast,female
58,33.44,0,12231.6136,false,northwest,female
25,20.8,1,3208.787,false,southwest,female
19,40.5,0,1759.338,false,southwest,female
41,31.635,1,7358.17565,false,northeast,female
24,23.21,0,25081.76784,false,southeast,female
33,38.9,3,5972.378,false,southwest,female
59,26.505,0,12815.44495,false,northeast,female
29,29.59,1,3947.4131,false,southeast,female
46,19.95,2,9193.8385,false,northwest,female
37,23.37,2,6686.4313,false,northwest,female
58,41.91,0,24227.33724,false,southeast,female
40,41.42,1,28476.73499,false,northwest,female
18,39.16,0,1633.0444,false,southeast,female
22,34.58,2,3925.7582,false,northeast,female
32,31.54,1,5148.5526,false,northeast,female
53,35.9,2,11163.568,false,southwest,female
50,25.6,0,8932.084,false,southwest,female
22,36.0,0,2166.732,false,southwest,female
60,36.005,0,13228.84695,false,northeast,female
59,27.72,3,14001.1338,false,southeast,female
53,23.75,2,11729.6795,false,northeast,female
24,24.225,0,2842.76075,false,northwest,female
51,33.915,0,9866.30485,false,northeast,female
44,29.81,2,8219.2039,false,southeast,female
35,23.465,2,6402.29135,false,northeast,female
21,39.49,0,2026.9741,false,southeast,female
54,24.605,3,12479.70895,false,northwest,female
26,29.48,1,3392.3652,false,southeast,female
49,31.9,5,11552.904,false,southwest,female
52,44.7,3,11411.685,false,southwest,female
48,27.265,1,9447.25035,false,northeast,female
49,36.63,3,10381.4787,false,southeast,female
20,31.92,0,2261.5688,false,northwest,female
56,37.51,2,12265.5069,false,southeast,female
61,21.09,0,13415.0381,false,northwest,female
47,24.1,1,26236.57997,false,southwest,female
54,31.9,3,27322.73386,false,southeast,female
49,42.68,2,9800.8882,false,southeast,female
48,27.93,4,11015.1747,false,northwest,female
31,21.755,0,4134.08245,false,northwest,female
23,33.4,0,10795.93733,false,southwest,female
31,29.1,0,3761.292,false,southwest,female
20,33.0,0,1880.07,false,southeast,female
18,30.115,0,2203.47185,false,northeast,female
61,22.04,0,13616.3586,false,northeast,female
19,35.15,0,2134.9015,false,northwest,female
19,36.575,0,2136.88225,false,northwest,female
62,39.2,0,13470.86,false,southwest,female
35,43.34,2,5846.9176,false,southeast,female
47,33.345,0,20878.78443,false,northeast,female
48,41.23,4,11033.6617,false,northwest,female
30,28.405,1,4527.18295,false,northwest,female
28,34.77,0,3556.9223,false,northwest,female
59,34.8,2,36910.60803,false,southwest,female
45,35.3,0,7348.142,false,southwest,female
36,25.9,1,5472.449,false,southwest,female
26,28.785,0,3385.39915,false,northeast,female
41,33.155,3,8538.28845,false,northeast,female
19,28.9,0,1743.214,false,southwest,female
38,27.265,1,6555.07035,false,northeast,female
34,26.73,1,5002.7827,false,southeast,female
64,32.965,0,14692.66935,false,northwest,female
56,39.82,0,11090.7178,false,southeast,female
61,28.2,0,13041.921,false,southwest,female
59,36.52,1,28287.89766,false,southeast,female
58,29.0,0,11842.442,false,southwest,female
52,30.875,0,23045.56616,false,northeast,female
52,30.78,1,10797.3362,false,northeast,female
34,29.26,3,6184.2994,false,southeast,female
39,22.8,3,7985.815,false,northeast,female
54,21.47,3,12475.3513,false,northwest,female
56,28.785,0,11658.37915,false,northeast,female
49,21.3,1,9182.17,false,southwest,female
22,28.82,0,2156.7518,false,southeast,female
40,28.69,3,8059.6791,false,northwest,female
20,37.0,5,4830.63,false,southwest,female
35,31.0,1,5240.765,false,southwest,female
18,35.625,0,2211.13075,false,northeast,female
62,25.0,0,13451.122,false,southwest,female
64,35.97,0,14313.8463,false,southeast,female
24,26.6,0,3046.062,false,northeast,female
47,23.6,1,8539.671,false,southwest,female
22,23.18,0,2731.9122,false,northeast,female
40,29.81,1,6500.2359,false,southeast,female
19,18.6,0,1728.897,false,southwest,female
46,30.2,2,8825.086,false,southwest,female
52,23.18,0,10197.7722,false,northeast,female
32,37.145,3,6334.34355,false,northeast,female
55,30.5,0,10704.47,false,southwest,female
18,31.35,4,4561.1885,false,northeast,female
63,26.22,0,14256.1928,false,northwest,female
36,26.2,0,4883.866,false,southwest,female
21,34.6,0,2020.177,false,southwest,female
18,36.85,0,1629.8335,false,southeast,female
43,34.58,1,7727.2532,false,northwest,female
24,22.6,0,2457.502,false,southwest,female
24,27.72,0,2464.6188,false,southeast,female
28,17.29,0,3732.6251,false,northeast,female
26,22.61,0,3176.8159,false,northwest,female
19,20.6,0,1731.677,false,southwest,female
30,43.12,2,4753.6368,false,southeast,female
45,31.79,0,17929.30337,false,southeast,female
55,37.1,0,10713.644,false,southwest,female
19,23.4,2,2913.569,false,southwest,female
25,32.23,1,18218.16139,false,southeast,female
48,33.33,0,8283.6807,false,southeast,female
47,33.915,3,10115.00885,false,northwest,female
19,29.8,0,1744.465,false,southwest,female
56,33.82,2,12643.3778,false,northwest,female
51,21.56,1,9855.1314,false,southeast,female
20,31.46,0,1877.9294,false,southeast,female
48,36.575,0,8671.19125,false,northwest,female
43,34.4,3,8522.003,false,southwest,female
33,22.135,1,5354.07465,false,northeast,female
23,23.18,2,14426.07385,false,northwest,female
53,37.43,1,10959.6947,false,northwest,female
18,26.73,0,1615.7667,false,southeast,female
55,40.81,3,12485.8009,false,southeast,female
49,33.345,2,10370.91255,false,northeast,female
54,31.24,0,10338.9316,false,southeast,female
62,30.495,2,15019.76005,false,northwest,female
45,30.9,2,8520.026,false,southwest,female
36,30.02,0,5272.1758,false,northwest,female
39,31.92,2,7209.4918,false,northwest,female
51,39.5,1,9880.068,false,southwest,female
30,27.7,0,3554.203,false,southwest,female
21,21.89,2,3180.5101,false,southeast,female
53,24.795,1,10942.13205,false,northwest,female
52,33.3,2,10806.839,false,southwest,female
25,42.13,1,3238.4357,false,southeast,female
56,25.3,0,11070.535,false,southwest,female
50,23.54,2,10107.2206,false,southeast,female
58,36.48,0,12235.8392,false,northwest,female
37,27.74,3,7281.5056,false,northwest,female
46,28.05,1,8233.0975,false,southeast,female
54,27.645,1,11305.93455,false,northwest,female
18,38.28,0,14133.03775,false,southeast,female
58,27.17,0,12222.8983,false,northwest,female
31,26.62,0,3757.8448,false,southeast,female
47,26.6,2,9715.841,false,northeast,female
52,18.335,0,9991.03765,false,northwest,female
27,30.4,3,18804.7524,false,northwest,female
52,38.38,2,11396.9002,false,northeast,female
43,25.08,0,7325.0482,false,northeast,female
64,31.825,2,16069.08475,false,northeast,female
42,26.18,1,7046.7222,false,southeast,female
43,35.72,2,19144.57652,false,northeast,female
33,36.29,3,6551.7501,false,northeast,female
64,39.05,3,16085.1275,false,southeast,female
51,36.385,3,11436.73815,false,northwest,female
18,31.13,0,1621.8827,false,southeast,female
20,33.3,0,1880.487,false,southwest,female
21,32.68,2,26018.95052,false,northwest,female
51,34.1,0,9283.562,false,southeast,female
18,32.12,2,2801.2588,false,southeast,female
27,23.21,1,3561.8889,false,southeast,female
45,38.285,0,7935.29115,false,northeast,female
48,32.23,1,8871.1517,false,southeast,female
27,34.8,1,3577.999,false,southwest,female
34,27.5,1,5003.853,false,southwest,female
29,38.83,3,5138.2567,false,southeast,female
31,31.065,0,4347.02335,false,northeast,female
57,31.825,0,11842.62375,false,northwest,female
25,26.79,2,4189.1131,false,northwest,female
37,29.5,2,6311.952,false,southwest,female
36,22.135,3,7228.21565,false,northeast,female
62,31.73,0,14043.4767,false,northeast,female
43,30.685,2,8310.83915,false,northwest,female
47,29.545,1,8930.93455,false,northwest,female
46,28.9,2,8823.279,false,southwest,female
50,44.745,0,9541.69555,false,northeast,female
56,27.2,0,11073.176,false,southwest,female
33,42.94,3,6360.9936,false,northwest,female
53,28.1,3,11741.726,false,southwest,female
25,22.515,1,3594.17085,false,northwest,female
26,19.8,1,3378.91,false,southwest,female
36,26.885,0,5267.81815,false,northwest,female
18,40.28,0,2217.6012,false,northeast,female
22,30.4,0,2741.948,false,northeast,female
51,25.8,1,9861.025,false,southwest,female
61,39.1,2,14235.072,false,southwest,female
31,25.8,2,4934.705,false,southwest,female
36,25.84,0,5266.3656,false,northwest,female
42,33.155,1,7639.41745,false,northeast,female
22,20.235,0,2527.81865,false,northwest,female
39,34.1,3,7418.522,false,southwest,female
24,27.6,0,18955.22017,false,southwest,female
32,44.22,0,3994.1778,false,southeast,female
19,17.8,0,1727.785,false,southwest,female
61,33.33,4,36580.28216,false,southeast,female
58,28.215,0,12224.35085,false,northwest,female
19,24.605,1,2709.24395,false,northwest,female
18,33.88,0,11482.63485,false,southeast,female
26,22.23,0,3176.2877,false,northwest,female
62,38.095,2,15230.32405,false,northeast,female
38,37.73,0,5397.6167,false,southeast,female
45,27.83,2,8515.7587,false,southeast,female
31,23.6,2,4931.647,false,southwest,female
38,40.565,1,6373.55735,false,northwest,female
18,33.155,0,2207.69745,false,northeast,female
32,29.8,2,5152.134,false,southwest,female
34,37.335,2,5989.52365,false,northwest,female
19,30.59,2,24059.68019,false,northwest,female
36,27.74,0,5469.0066,false,northeast,female
20,31.79,2,3056.3881,false,southeast,female
41,33.06,2,7749.1564,false,northwest,female
58,25.2,0,11837.16,false,southwest,female
51,20.6,0,9264.797,false,southwest,female
30,21.945,1,4718.20355,false,northeast,female
57,25.74,2,12629.1656,false,southeast,female
28,37.62,1,3766.8838,false,southeast,female
48,31.13,0,8280.6227,false,southeast,female
47,24.32,0,8534.6718,false,northeast,female
41,32.2,1,6775.961,false,southwest,female
60,35.1,0,12644.589,false,southwest,female
44,32.34,1,7633.7206,false,southeast,female
44,36.48,0,12797.20962,false,northeast,female
62,32.965,3,15612.19335,false,northwest,female
21,17.4,1,2585.269,false,southwest,female
53,26.7,2,11150.78,false,southwest,female
58,32.395,1,13019.16105,false,northeast,female
52,37.525,2,33471.97189,false,northwest,female
52,31.73,2,11187.6567,false,northwest,female
38,27.6,0,5383.536,false,southwest,female
24,30.21,3,4618.0799,false,northwest,female
39,32.8,0,5649.715,false,southwest,female
55,32.395,1,11879.10405,false,northeast,female
28,25.935,1,4133.64165,false,northwest,female
38,40.15,0,5400.9805,false,southeast,female
21,26.4,1,2597.779,false,southwest,female
56,32.3,3,13430.265,false,northeast,female
37,30.8,2,6313.759,false,southeast,female
27,30.59,1,16796.41194,false,northeast,female
39,41.8,0,5662.225,false,southeast,female
55,25.365,3,13047.33235,false,northeast,female
35,35.86,2,5836.5204,false,southeast,female
60,27.55,0,13217.0945,false,northeast,female
18,37.29,1,2219.4451,false,southeast,female
34,19.0,3,6753.038,false,northeast,female
59,31.35,0,12622.1795,false,northwest,female
30,27.93,0,4137.5227,false,northeast,female
47,36.0,1,8556.907,false,southwest,female
42,29.0,1,7050.642,false,southwest,female
56,41.91,0,11093.6229,false,southeast,female
46,33.725,1,8823.98575,false,northeast,female
18,40.185,0,2217.46915,false,northeast,female
41,32.6,3,7954.517,false,southwest,female
60,24.53,0,12629.8967,false,southeast,female
31,29.26,1,4350.5144,false,southeast,female
34,26.41,1,5385.3379,false,northwest,female
50,26.22,2,10493.9458,false,northwest,female
23,34.96,3,4466.6214,false,northwest,female
23,28.12,0,2690.1138,false,northwest,female
25,28.595,0,3213.62205,false,northeast,female
40,27.4,1,6496.886,false,southwest,female
60,25.84,0,28923.13692,false,northwest,female
48,22.8,0,8269.044,false,southwest,female
28,33.0,2,4349.462,false,southeast,female
57,23.98,1,22192.43711,false,southeast,female
49,23.18,2,10156.7832,false,northwest,female
26,29.92,2,3981.9768,false,southeast,female
40,29.6,0,5910.944,false,southwest,female
19,22.515,0,2117.33885,false,northwest,female
54,32.3,1,11512.405,false,northeast,female
33,26.695,0,4571.41305,false,northwest,female
45,36.3,2,8527.532,false,southeast,female
21,34.87,0,2020.5523,false,southeast,female
41,28.05,1,6770.1925,false,southeast,female
45,33.1,0,7345.084,false,southwest,female
41,32.965,0,6571.02435,false,northwest,female
29,32.11,2,4922.9159,false,northwest,female
51,40.66,0,9875.6804,false,northeast,female
38,34.8,2,6571.544,false,southwest,female
18,26.315,0,2198.18985,false,northeast,female
36,19.855,0,5458.04645,false,northeast,female
18,28.215,0,2200.83085,false,northeast,female
64,39.33,0,14901.5167,false,northeast,female
29,35.53,0,3366.6697,false,southeast,female
46,27.74,0,8026.6666,false,northwest,female
18,24.09,1,2201.0971,false,southeast,female
22,28.05,0,2155.6815,false,southeast,female
54,30.8,3,12105.32,false,southwest,female
40,23.37,3,8252.2843,false,northeast,female
63,36.85,0,13887.9685,false,southeast,female
20,28.975,0,2257.47525,false,northwest,female
57,28.7,0,11455.28,false,southwest,female
35,26.125,0,5227.98875,false,northeast,female
41,28.31,1,7153.5539,false,northwest,female
38,30.21,3,7537.1639,false,northwest,female
27,31.255,1,3956.07145,false,northwest,female
48,28.88,1,9249.4952,false,northwest,female
34,38.0,3,6196.448,false,southwest,female
54,35.815,3,12495.29085,false,northwest,female
51,37.73,1,9877.6077,false,southeast,female
28,26.315,3,5312.16985,false,northwest,female
24,33.99,0,2473.3341,false,southeast,female
19,24.7,0,1737.376,false,southwest,female
40,33.0,3,7682.67,false,southeast,female
58,31.825,2,13607.36875,false,northeast,female
25,33.99,1,3227.1211,false,southeast,female
18,30.115,0,21344.8467,false,northeast,female
18,40.26,0,1634.5734,false,southeast,female
29,25.9,0,3353.284,false,southwest,female
31,25.74,0,3756.6216,false,southeast,female
57,20.1,1,12032.326,false,southwest,female
19,32.9,0,1748.774,false,southwest,female
45,27.645,1,28340.18885,false,northwest,female
36,29.04,4,7243.8136,false,southeast,female
34,27.72,0,4415.1588,false,southeast,female
34,33.7,1,5012.471,false,southwest,female
59,27.5,0,12233.828,false,southwest,female
28,23.845,2,4719.73655,false,northwest,female
49,22.61,1,9566.9909,false,northwest,female
26,34.2,2,3987.926,false,southwest,female
53,32.3,2,29186.48236,false,northeast,female
60,30.5,0,12638.195,false,southwest,female
61,44.0,0,13063.883,false,southwest,female
27,25.175,0,3558.62025,false,northeast,female
41,37.1,2,7371.772,false,southwest,female
18,31.35,0,1622.1885,false,southeast,female
53,26.6,0,10355.641,false,northwest,female
28,26.51,2,4340.4409,false,southeast,female
46,32.3,2,9411.005,false,northeast,female
33,24.31,0,4185.0979,false,southeast,female
32,33.155,3,6128.79745,false,northwest,female
51,36.67,2,10848.1343,false,northwest,female
49,27.17,0,8601.3293,false,southeast,female
46,30.8,3,9414.92,false,southwest,female
26,29.355,2,4564.19145,false,northeast,female
50,28.16,3,10702.6424,false,southeast,female
38,28.93,1,5974.3847,false,southeast,female
57,28.785,4,14394.39815,false,northeast,female
40,29.3,4,15828.82173,false,southwest,female
32,28.93,0,3972.9247,false,southeast,female
48,32.3,2,10043.249,false,northeast,female
57,23.18,0,11830.6072,false,northwest,female
30,22.895,1,4719.52405,false,northeast,female
31,32.68,1,4738.2682,false,northwest,female
20,29.6,0,1875.344,false,southwest,female
44,25.0,1,7623.518,false,southwest,female
44,27.645,0,7421.19455,false,northwest,female
28,27.5,2,20177.67113,false,southwest,female
21,35.72,0,2404.7338,false,northwest,female
30,19.95,3,5693.4305,false,northwest,female
56,28.595,0,11658.11505,false,northeast,female
64,39.7,0,14319.031,false,southwest,female
18,25.08,0,2196.4732,false,northeast,female
45,28.6,2,8516.829,false,southeast,female
28,25.8,0,3161.454,false,southwest,female
28,33.4,0,3172.018,false,southwest,female
23,24.225,2,22395.74424,false,northeast,female
32,20.52,0,4544.2348,false,northeast,female
38,19.95,2,7133.9025,false,northeast,female
34,23.56,0,4992.3764,false,northeast,female
62,39.16,0,13470.8044,false,southeast,female
63,31.8,0,13880.949,false,southwest,female
56,26.6,1,12044.342,false,northwest,female
27,21.47,0,3353.4703,false,northwest,female
19,24.51,1,2709.1119,false,northwest,female
46,48.07,2,9432.9253,false,northeast,female
38,28.0,3,7151.092,false,southwest,female
26,40.185,0,3201.24515,false,northwest,female
20,28.785,0,2457.21115,false,northeast,female
54,23.0,3,12094.478,false,southwest,female
62,32.68,0,13844.7972,false,northwest,female
45,25.175,2,9095.06825,false,northeast,female
47,29.37,1,8547.6913,false,southeast,female
44,27.5,1,7626.993,false,southwest,female
22,39.805,0,2755.02095,false,northeast,female
55,29.83,0,11286.5387,false,northeast,female
41,31.6,0,6186.127,false,southwest,female
39,24.225,5,8965.79575,false,northwest,female
58,33.1,0,11848.141,false,southwest,female
53,39.6,1,10579.711,false,southeast,female
23,28.0,0,13126.67745,false,southwest,female
52,37.4,0,9634.538,false,southwest,female
43,29.9,1,7337.748,false,southwest,female
30,33.33,1,4151.0287,false,southeast,female
40,36.19,0,5920.1041,false,southeast,female
56,25.65,0,11454.0215,false,northwest,female
50,28.12,3,11085.5868,false,northwest,female
18,39.82,0,1633.9618,false,southeast,female
49,30.78,1,9778.3472,false,northeast,female
33,28.27,1,4779.6023,false,southeast,female
29,26.03,0,3736.4647,false,northwest,female
33,18.5,1,4766.022,false,southwest,female
37,17.29,2,6877.9801,false,northeast,female
18,20.79,0,1607.5101,false,southeast,female
29,20.235,2,4906.40965,false,northwest,female
53,33.25,0,10564.8845,false,northeast,female
49,29.925,0,8988.15875,false,northwest,female
48,28.9,0,8277.523,false,southwest,female
22,24.3,0,2150.469,false,southwest,female
24,33.345,0,2855.43755,false,northwest,female
18,29.165,0,7323.734819,false,northeast,female
19,32.11,0,2130.6759,false,northwest,female
48,27.36,1,9447.3824,false,northeast,female
49,34.77,1,9583.8933,false,northwest,female
39,34.32,5,8596.8278,false,southeast,female
32,41.1,0,3989.841,false,southwest,female
19,31.825,1,2719.27975,false,northwest,female
26,42.4,1,3410.324,false,southwest,female
63,23.085,0,14451.83515,false,northeast,female
55,33.535,2,12269.68865,false,northwest,female
28,24.32,1,23288.9284,false,northeast,female
