f_0,f_2,f_3,f_6,f_4,f_5,f_1
20,30.115,5,4915.05985,false,northeast,male
63,41.47,0,13405.3903,false,southeast,male
32,35.2,2,4670.64,false,southwest,male
54,29.2,1,10436.096,false,southwest,male
43,32.6,2,7441.501,false,southwest,male
32,46.53,2,4686.3887,false,southeast,male
58,34.39,0,11743.9341,false,northwest,male
20,33.0,1,1980.07,false,southwest,male
39,34.1,2,23563.01618,false,southeast,male
23,34.4,0,1826.843,false,southwest,male
29,38.94,1,3471.4096,false,southeast,male
21,28.975,0,1906.35825,false,northwest,male
31,30.875,0,3857.75925,false,northeast,male
36,34.43,2,5584.3057,false,southeast,male
18,23.085,0,1704.70015,false,northeast,male
40,41.69,0,5438.7491,false,southeast,male
19,24.6,1,1837.237,false,southwest,male
59,37.4,0,21797.0004,false,southwest,male
51,22.42,0,9361.3268,false,northeast,male
23,23.845,0,2395.17155,false,northeast,male
60,36.955,0,12741.16745,false,northeast,male
57,40.37,0,10982.5013,false,southeast,male
58,23.3,0,11345.519,false,southwest,male
42,34.1,0,5979.731,false,southwest,male
51,39.7,1,9391.346,false,southwest,male
29,22.515,3,5209.57885,false,northeast,male
50,30.97,3,10600.5483,false,northwest,male
49,31.35,1,9290.1395,false,northeast,male
46,33.345,1,8334.45755,false,northeast,male
30,31.57,3,4837.5823,false,southeast,male
38,27.835,2,6455.86265,false,northwest,male
49,28.7,1,8703.456,false,southwest,male
55,27.645,0,10594.50155,false,northwest,male
53,28.6,3,11253.421,false,southwest,male
31,25.935,1,4239.89265,false,northwest,male
64,40.48,0,13831.1152,false,southeast,male
28,26.98,2,4435.0942,false,northeast,male
27,18.905,3,4827.90495,false,northeast,male
56,25.935,0,11165.41765,false,northeast,male
63,33.66,3,15161.5344,false,southeast,male
54,33.63,1,10825.2537,false,northwest,male
21,25.745,2,3279.86855,false,northeast,male
33,29.4,4,6059.173,false,southwest,male
28,33.82,0,19673.33573,false,northwest,male
34,21.375,0,4500.33925,false,northeast,male
54,39.6,1,10450.552,false,southwest,male
27,23.1,0,2483.736,false,southeast,male
57,34.01,0,11356.6609,false,northwest,male
54,30.21,0,10231.4999,false,northwest,male
37,29.83,2,6406.4107,false,northeast,male
40,29.9,2,6600.361,false,southwest,male
19,30.4,0,1256.299,false,southwest,male
24,25.8,0,1972.95,false,southwest,male
25,26.22,0,2721.3208,false,northeast,male
48,31.445,1,8964.06055,false,northeast,male
49,28.69,3,10264.4421,false,northwest,male
62,31.46,1,27000.98473,false,southeast,male
38,28.025,1,6067.12675,false,northeast,male
63,36.765,0,13981.85035,false,northeast,male
40,26.315,1,6389.37785,false,northwest,male
46,22.3,0,7147.105,false,southwest,male
25,33.66,4,4504.6624,false,southeast,male
62,21.4,0,12957.118,false,southwest,male
19,20.425,0,1625.43375,false,northwest,male
23,35.2,1,2416.955,false,southwest,male
40,22.705,2,7173.35995,false,northeast,male
22,31.35,1,2643.2685,false,northwest,male
61,31.57,0,12557.6053,false,southeast,male
45,28.7,2,8027.968,false,southwest,male
43,35.31,2,18806.14547,false,southeast,male
31,38.39,2,4463.2051,false,southeast,male
42,31.255,0,6358.77645,false,northwest,male
26,17.67,0,2680.9493,false,northwest,male
36,29.7,0,4399.731,false,southeast,male
44,34.32,1,7147.4728,false,southeast,male
56,34.43,0,10594.2257,false,southeast,male
31,28.595,1,4243.59005,false,northwest,male
41,32.2,2,6875.961,false,southwest,male
44,25.365,1,7518.02535,false,northwest,male
40,32.3,2,6986.697,false,northwest,male
22,26.84,0,1664.9996,false,southeast,male
18,53.13,0,1163.4627,false,southeast,male
63,33.1,0,13393.756,false,southwest,male
44,39.52,0,6948.7008,false,northwest,male
56,33.66,4,12949.1554,false,southeast,male
21,36.86,0,1917.3184,false,northwest,male
54,24.035,0,10422.91665,false,northeast,male
26,29.45,0,2897.3235,false,northeast,male
58,34.865,0,11944.59435,false,northeast,male
55,32.775,0,10601.63225,false,northwest,male
44,30.69,2,7731.4271,false,southeast,male
46,38.17,2,8347.1643,false,southeast,male
61,43.4,0,12574.049,false,southwest,male
52,32.775,3,11289.10925,false,northwest,male
37,24.32,2,6198.7518,false,northwest,male
60,28.9,0,12146.971,false,southwest,male
51,24.415,4,11520.09985,false,northwest,male
53,30.495,0,10072.05505,false,northeast,male
41,28.405,1,6664.68595,false,northwest,male
41,37.05,2,7265.7025,false,northwest,male
28,22.515,2,4428.88785,false,northeast,male
37,22.705,3,6985.50695,false,northeast,male
57,40.28,0,20709.02034,false,northeast,male
40,29.355,1,6393.60345,false,northwest,male
18,29.37,1,1719.4363,false,southeast,male
55,37.3,0,20630.28351,false,southwest,male
29,31.73,2,4433.3877,false,northwest,male
20,35.31,1,27724.28875,false,southeast,male
64,25.6,2,14988.432,false,southwest,male
19,33.1,0,23082.95533,false,southwest,male
32,30.03,1,4074.4537,false,southeast,male
57,31.54,0,11353.2276,false,northwest,male
42,26.315,1,6940.90985,false,northwest,male
35,38.6,1,4762.329,false,southwest,male
24,35.86,0,1986.9334,false,southeast,male
30,38.83,1,18963.17192,false,southeast,male
34,27.0,2,11737.84884,false,southwest,male
18,34.43,0,1137.4697,false,southeast,male
36,31.5,0,4402.233,false,southwest,male
20,32.395,1,2362.22905,false,northwest,male
48,35.625,4,10736.87075,false,northeast,male
29,29.64,1,20277.80751,false,northeast,male
64,26.41,0,14394.5579,false,northeast,male
33,22.705,0,21984.47061,false,northwest,male
52,47.74,1,9748.9106,false,southeast,male
59,25.46,1,12913.9924,false,northeast,male
38,37.05,1,6079.6715,false,northeast,male
47,47.52,1,8083.9198,false,southeast,male
27,45.9,2,3693.428,false,southwest,male
54,21.01,2,11013.7119,false,southeast,male
55,38.28,0,10226.2842,false,southeast,male
57,40.945,0,11566.30055,false,northeast,male
48,30.78,3,10141.1362,false,northeast,male
18,22.99,0,1704.5681,false,northeast,male
34,42.13,2,5124.1887,false,southeast,male
42,24.86,0,5966.8874,false,southeast,male
19,25.175,0,1632.03625,false,northwest,male
26,27.265,3,4661.28635,false,northeast,male
40,34.105,1,6600.20595,false,northeast,male
39,29.6,4,7512.267,false,southwest,male
26,30.0,1,2904.088,false,southwest,male
62,27.55,1,13937.6665,false,northwest,male
60,24.32,1,13112.6048,false,northwest,male
32,37.335,1,4667.60765,false,northeast,male
48,36.67,1,28468.91901,false,northwest,male
58,36.08,0,11363.2832,false,southeast,male
41,34.2,2,7261.741,false,northwest,male
55,33.0,0,20781.48892,false,southeast,male
37,30.875,3,6796.86325,false,northwest,male
26,46.53,1,2927.0647,false,southeast,male
63,41.325,3,15555.18875,false,northwest,male
33,35.245,0,12404.8791,false,northeast,male
51,37.0,0,8798.593,false,southwest,male
54,31.6,0,9850.432,false,southwest,male
23,18.715,0,21595.38229,false,northwest,male
45,21.375,0,7222.78625,false,northwest,male
30,31.4,1,3659.346,false,southwest,male
18,30.4,3,3481.868,false,northeast,male
29,27.94,0,2867.1196,false,southeast,male
18,26.125,0,1708.92575,false,northeast,male
22,25.175,0,2045.68525,false,northwest,male
58,28.595,0,11735.87905,false,northwest,male
45,30.495,2,8413.46305,false,northwest,male
48,37.29,2,8978.1851,false,southeast,male
40,24.97,2,6593.5083,false,southeast,male
53,28.88,0,9869.8102,false,northwest,male
41,30.59,2,7256.7231,false,northwest,male
24,28.5,2,3537.703,false,northwest,male
37,30.8,0,4646.759,false,southwest,male
18,41.14,0,1146.7966,false,southeast,male
35,34.77,2,5729.0053,false,northwest,male
33,30.25,0,3704.3545,false,southeast,male
33,24.605,2,5257.50795,false,northwest,male
59,37.1,1,12347.172,false,southwest,male
50,44.77,1,9058.7303,false,southeast,male
21,35.53,0,1532.4697,false,southeast,male
19,25.555,1,2221.56445,false,northwest,male
49,29.83,1,9288.0267,false,northeast,male
48,30.2,2,8968.33,false,southwest,male
57,27.94,1,11554.2236,false,southeast,male
52,38.6,2,10325.206,false,southwest,male
19,34.4,0,1261.859,false,southwest,male
28,23.8,2,3847.674,false,southwest,male
36,27.55,3,6746.7425,false,northeast,male
44,29.735,2,32108.66282,false,northeast,male
18,26.18,2,2304.0022,false,southeast,male
53,29.48,0,9487.6442,false,southeast,male
19,35.53,0,1646.4297,false,northwest,male
57,23.7,0,10959.33,false,southwest,male
43,26.03,0,6837.3687,false,northeast,male
34,34.21,0,3935.1799,false,southeast,male
50,25.3,0,8442.667,false,southeast,male
37,36.19,0,19214.70553,false,southeast,male
36,28.88,3,6748.5912,false,northeast,male
53,26.41,2,11244.3769,false,northeast,male
19,30.59,0,1639.5631,false,northwest,male
58,32.01,1,11946.6259,false,southeast,male
27,30.5,0,2494.022,false,southwest,male
51,35.97,1,9386.1613,false,southeast,male
39,45.43,2,6356.2707,false,southeast,male
47,29.83,3,9620.3307,false,northwest,male
54,32.775,0,10435.06525,false,northeast,male
60,29.64,0,12730.9996,false,northeast,male
55,32.67,1,10807.4863,false,southeast,male
36,28.595,3,6548.19505,false,northwest,male
18,23.75,0,1705.6245,false,northeast,male
62,37.4,0,12979.358,false,southwest,male
57,18.335,0,11534.87265,false,northeast,male
59,27.5,1,12333.828,false,southwest,male
23,50.38,1,2438.0552,false,southeast,male
33,33.44,5,6653.7886,false,southeast,male
63,28.31,0,13770.0979,false,northwest,male
31,27.645,2,5031.26955,false,northeast,male
23,24.51,0,2396.0959,false,northeast,male
18,33.66,0,1136.3994,false,southeast,male
41,40.26,0,5709.1644,false,southeast,male
60,33.11,3,13919.8229,false,southeast,male
40,35.3,3,7196.867,false,southwest,male
52,36.7,0,9144.565,false,southwest,male
46,25.745,3,9301.89355,false,northwest,male
50,32.205,0,8835.26495,false,northwest,male
38,21.12,3,6652.5288,false,southeast,male
25,23.9,5,5080.096,false,southwest,male
41,21.78,1,6272.4772,false,southeast,male
63,39.8,3,15170.069,false,southwest,male
52,33.25,0,9722.7695,false,northeast,male
18,23.21,0,1121.8739,false,southeast,male
50,25.365,2,30284.64294,false,northwest,male
53,36.1,1,10085.846,false,southwest,male
42,26.125,2,7729.64575,false,northeast,male
24,32.01,0,1981.5819,false,southeast,male
39,21.85,1,6117.4945,false,northwest,male
21,31.1,0,1526.312,false,southwest,male
51,32.3,1,9964.06,false,northeast,male
18,28.5,0,1712.227,false,northeast,male
23,27.36,1,2789.0574,false,northwest,male
19,27.265,2,22493.65964,false,northwest,male
43,27.36,3,8606.2174,false,northeast,male
61,32.3,2,14119.62,false,northwest,male
45,39.805,0,7448.40395,false,northeast,male
18,35.2,1,1727.54,false,southeast,male
47,19.57,1,8428.0693,false,northwest,male
61,38.38,0,12950.0712,false,northwest,male
32,28.88,0,3866.8552,false,northwest,male
32,37.18,2,4673.3922,false,southeast,male
19,27.835,0,1635.73365,false,northwest,male
50,26.41,0,8827.2099,false,northwest,male
24,33.63,4,17128.42608,false,northeast,male
28,38.06,0,2689.4954,false,southeast,male
19,28.7,0,1253.936,false,southwest,male
28,29.26,2,4438.2634,false,northeast,male
33,27.455,2,5261.46945,false,northwest,male
19,35.4,0,1263.249,false,southwest,male
51,33.33,3,10560.4917,false,southeast,male
45,23.56,2,8603.8234,false,northeast,male
49,37.51,2,9304.7019,false,southeast,male
18,33.33,0,1135.9407,false,southeast,male
39,24.51,2,6710.1919,false,northwest,male
23,26.51,0,1815.8759,false,southeast,male
53,24.32,0,9863.4718,false,northwest,male
37,28.025,2,6203.90175,false,northwest,male
41,34.21,1,6289.7549,false,southeast,male
55,21.5,1,10791.96,false,southwest,male
19,20.9,1,1832.094,false,southwest,male
56,33.725,0,10976.24575,false,northwest,male
52,32.205,3,11488.31695,false,northeast,male
18,28.31,1,11272.33139,false,northeast,male
18,15.96,0,1694.7964,false,northeast,male
38,34.7,2,6082.405,false,southwest,male
20,40.47,0,1984.4533,false,northeast,male
48,29.7,0,7789.635,false,southeast,male
28,35.435,0,3268.84665,false,northeast,male
63,21.66,1,14349.8544,false,northwest,male
39,42.655,0,5757.41345,false,northeast,male
45,20.35,3,8605.3615,false,southeast,male
33,35.75,2,4889.9995,false,southeast,male
19,30.59,0,1639.5631,false,northwest,male
22,19.95,3,4005.4225,false,northeast,male
25,24.985,2,23241.47453,false,northeast,male
52,36.765,2,26467.09737,false,northwest,male
23,41.91,0,1837.2819,false,southeast,male
20,27.93,0,1967.0227,false,northeast,male
31,28.5,5,6799.458,false,northeast,male
48,29.6,0,21232.18226,false,southwest,male
19,34.1,0,1261.442,false,southwest,male
22,32.11,0,2055.3249,false,northwest,male
18,33.77,1,1725.5523,false,southeast,male
26,29.15,1,2902.9065,false,southeast,male
46,39.425,1,8342.90875,false,northeast,male
19,22.61,0,1628.4709,false,northwest,male
50,32.3,2,9630.397,false,southwest,male
30,27.645,1,4237.12655,false,northeast,male
43,30.115,3,8410.04685,false,northwest,male
49,22.515,0,8688.85885,false,northeast,male
19,27.6,0,1252.407,false,southwest,male
61,36.1,3,27941.28758,false,southwest,male
25,35.625,0,2534.39375,false,northwest,male
62,39.93,0,12982.8747,false,southeast,male
56,36.1,3,12363.547,false,southwest,male
50,27.455,1,9617.66245,false,northeast,male
45,27.5,3,8615.3,false,southwest,male
25,27.55,0,2523.1695,false,northwest,male
35,17.86,1,5116.5004,false,northwest,male
30,24.13,1,4032.2407,false,northwest,male
59,26.4,0,11743.299,false,southeast,male
30,44.22,2,4266.1658,false,southeast,male
19,28.4,1,1842.519,false,southwest,male
22,34.8,3,3443.064,false,southwest,male
31,39.49,1,3875.7341,false,southeast,male
48,32.3,1,8765.249,false,northwest,male
53,31.35,0,27346.04207,false,southeast,male
45,24.035,2,8604.48365,false,northeast,male
20,31.13,2,2566.4707,false,southeast,male
31,20.4,0,3260.199,false,southwest,male
46,19.855,0,7526.70645,false,northwest,male
61,23.655,0,13129.60345,false,northeast,male
23,32.56,0,1824.2854,false,southeast,male
38,31.0,1,5488.262,false,southwest,male
35,30.5,1,4751.07,false,southwest,male
40,25.08,0,5415.6612,false,southeast,male
29,29.735,2,18157.876,false,northwest,male
21,27.36,0,2104.1134,false,northeast,male
59,24.7,0,12323.936,false,northeast,male
59,29.7,2,12925.886,false,southeast,male
54,30.02,0,24476.47851,false,northwest,male
55,28.975,0,10796.35025,false,northeast,male
62,30.02,0,13352.0998,false,northwest,male
35,39.71,4,19496.71917,false,northeast,male
38,29.26,2,6457.8434,false,northwest,male
34,42.9,1,4536.259,false,southwest,male
42,37.18,2,7162.0122,false,southeast,male
54,25.46,1,25517.11363,false,northeast,male
49,25.84,1,9282.4806,false,northeast,male
44,38.06,1,7152.6714,false,southeast,male
23,32.7,3,3591.48,false,southwest,male
53,41.47,0,9504.3103,false,southeast,male
60,25.74,0,12142.5786,false,southeast,male
43,23.2,0,6250.435,false,southwest,male
47,32.3,1,8062.764,false,southwest,male
49,30.3,0,8116.68,false,southwest,male
32,31.5,1,4076.497,false,southwest,male
42,35.97,2,7160.3303,false,southeast,male
19,20.3,0,1242.26,false,southwest,male
46,24.795,3,9500.57305,false,northeast,male
18,21.47,0,1702.4553,false,northeast,male
55,29.9,0,10214.636,false,southwest,male
19,25.555,0,1632.56445,false,northwest,male
29,33.345,2,19442.3535,false,northwest,male
34,34.675,0,4518.82625,false,northeast,male
28,37.1,1,3277.161,false,southwest,male
53,36.6,3,11264.541,false,southwest,male
36,30.875,1,5373.36425,false,northwest,male
58,49.06,0,11381.3254,false,southeast,male
38,28.27,1,5484.4673,false,southeast,male
37,29.64,0,5028.1466,false,northwest,male
21,26.03,0,2102.2647,false,northeast,male
41,33.55,0,5699.8375,false,southeast,male
46,43.89,3,8944.1151,false,southeast,male
27,26.03,0,3070.8087,false,northeast,male
31,26.885,1,4441.21315,false,northeast,male
48,34.3,3,9563.029,false,southwest,male
42,35.8,2,7160.094,false,southwest,male
29,32.11,2,4433.9159,false,northwest,male
35,28.9,3,5926.846,false,southwest,male
19,17.48,0,1621.3402,false,northwest,male
61,33.915,0,13143.86485,false,northeast,male
18,25.46,0,1708.0014,false,northeast,male
30,25.46,0,3645.0894,false,northeast,male
26,30.875,2,3877.30425,false,northwest,male
46,27.6,0,24603.04837,false,southwest,male
53,31.16,1,10461.9794,false,northwest,male
18,30.03,1,1720.3537,false,southeast,male
39,32.34,2,6338.0756,false,southeast,male
30,37.43,3,5428.7277,false,northeast,male
32,27.835,1,4454.40265,false,northwest,male
59,25.46,0,12124.9924,false,northwest,male
58,30.305,0,11938.25595,false,northeast,male
49,32.3,3,10269.46,false,northwest,male
64,37.905,0,14210.53595,false,northwest,male
26,33.915,1,3292.52985,false,northwest,male
27,32.67,0,2497.0383,false,southeast,male
62,38.83,0,12981.3457,false,southeast,male
46,26.62,1,7742.1098,false,southeast,male
44,21.85,3,8891.1395,false,northeast,male
50,37.07,1,9048.0273,false,southeast,male
22,33.77,0,1674.6323,false,southeast,male
50,36.2,0,8457.818,false,southwest,male
58,35.7,0,11362.755,false,southwest,male
33,42.4,5,6666.243,false,southwest,male
46,40.375,2,8733.22925,false,northwest,male
29,27.2,0,2866.091,false,southwest,male
22,28.88,0,2250.8352,false,northeast,male
24,23.655,0,2352.96845,false,northwest,male
40,30.875,4,8162.71625,false,northwest,male
57,43.7,1,11576.13,false,southwest,male
44,27.4,2,7726.854,false,southwest,male
18,43.01,0,1149.3959,false,southeast,male
43,30.1,1,6849.026,false,southwest,male
31,31.065,3,5425.02335,false,northwest,male
56,39.6,0,10601.412,false,southwest,male
29,28.975,1,4040.55825,false,northeast,male
44,37.1,2,7740.337,false,southwest,male
28,24.3,5,5615.369,false,southwest,male
56,32.11,1,11763.0009,false,northeast,male
45,33.7,1,7445.918,false,southwest,male
51,27.74,1,9957.7216,false,northeast,male
27,30.3,3,4260.744,false,southwest,male
18,39.14,0,12890.05765,false,northeast,male
40,41.23,1,6610.1097,false,northeast,male
53,21.4,1,10065.413,false,southwest,male
56,40.3,0,10602.385,false,southwest,male
50,32.11,2,25333.33284,false,northeast,male
21,23.75,2,3077.0955,false,northwest,male
