{"schema_version": "12.0.0", "name": null, "index": null, "time_index": null, "column_typing_info": [{"name": "f_0", "ordinal": 0, "use_standard_tags": true, "logical_type": {"parameters": {}, "type": "IntegerNullable"}, "physical_type": {"type": "Int64"}, "semantic_tags": ["numeric"], "description": null, "origin": "base", "metadata": {}}, {"name": "f_2", "ordinal": 1, "use_standard_tags": true, "logical_type": {"parameters": {}, "type": "Double"}, "physical_type": {"type": "float64"}, "semantic_tags": ["numeric"], "description": null, "origin": "base", "metadata": {}}, {"name": "f_3", "ordinal": 2, "use_standard_tags": true, "logical_type": {"parameters": {}, "type": "IntegerNullable"}, "physical_type": {"type": "Int64"}, "semantic_tags": ["numeric"], "description": null, "origin": "base", "metadata": {}}, {"name": "f_6", "ordinal": 3, "use_standard_tags": true, "logical_type": {"parameters": {}, "type": "Double"}, "physical_type": {"type": "float64"}, "semantic_tags": ["numeric"], "description": null, "origin": "base", "metadata": {}}, {"name": "f_4", "ordinal": 4, "use_standard_tags": true, "logical_type": {"parameters": {}, "type": "Categorical"}, "physical_type": {"type": "category", "cat_values": ["false"], "cat_dtype": "object"}, "semantic_tags": ["category"], "description": null, "origin": "base", "metadata": {}}, {"name": "f_5", "ordinal": 5, "use_standard_tags": true, "logical_type": {"parameters": {}, "type": "Categorical"}, "physical_type": {"type": "category", "cat_values": ["northeast", "northwest", "southeast", "southwest"], "cat_dtype": "object"}, "semantic_tags": ["category"], "description": null, "origin": "base", "metadata": {}}, {"name": "f_1", "ordinal": 6, "use_standard_tags": true, "logical_type": {"parameters": {}, "type": "Categorical"}, "physical_type": {"type": "category", "cat_values": ["male"], "cat_dtype": "object"}, "semantic_tags": ["category"], "description": null, "origin": "base", "metadata": {}}], "loading_info": {"table_type": "pandas", "location": "data/data.csv", "type": "csv", "params": {"sep": ",", "encoding": "utf-8", "engine": "python", "index": false, "compression": null}}, "table_metadata": {}}