{"schema_version": "10.0.0", "ft_version": "1.31.0", "entityset": {"schema_version": "9.0.0", "id": "entityset", "dataframes": {"2d9cb554-5816-4732-8e22-ed87146de297": {"schema_version": "12.0.0", "name": "2d9cb554-5816-4732-8e22-ed87146de297", "index": "7a0bfd27-79da-4d2f-8481-8ba47fde0abb", "time_index": null, "column_typing_info": [{"name": "7a0bfd27-79da-4d2f-8481-8ba47fde0abb", "ordinal": 0, "use_standard_tags": true, "logical_type": {"parameters": {}, "type": "Integer"}, "physical_type": {"type": "int64"}, "semantic_tags": ["index"], "description": null, "origin": null, "metadata": {"dataframe_name": "2d9cb554-5816-4732-8e22-ed87146de297", "entityset_id": "entityset"}}, {"name": "f_0", "ordinal": 1, "use_standard_tags": true, "logical_type": {"parameters": {}, "type": "IntegerNullable"}, "physical_type": {"type": "Int64"}, "semantic_tags": ["numeric"], "description": null, "origin": null, "metadata": {"dataframe_name": "2d9cb554-5816-4732-8e22-ed87146de297", "entityset_id": "entityset"}}, {"name": "f_1", "ordinal": 2, "use_standard_tags": true, "logical_type": {"parameters": {}, "type": "Categorical"}, "physical_type": {"type": "category", "cat_values": ["female"], "cat_dtype": "object"}, "semantic_tags": ["category"], "description": null, "origin": null, "metadata": {"dataframe_name": "2d9cb554-5816-4732-8e22-ed87146de297", "entityset_id": "entityset"}}, {"name": "f_2", "ordinal": 3, "use_standard_tags": true, "logical_type": {"parameters": {}, "type": "Double"}, "physical_type": {"type": "float64"}, "semantic_tags": ["numeric"], "description": null, "origin": null, "metadata": {"dataframe_name": "2d9cb554-5816-4732-8e22-ed87146de297", "entityset_id": "entityset"}}, {"name": "f_3", "ordinal": 4, "use_standard_tags": true, "logical_type": {"parameters": {}, "type": "IntegerNullable"}, "physical_type": {"type": "Int64"}, "semantic_tags": ["numeric"], "description": null, "origin": null, "metadata": {"dataframe_name": "2d9cb554-5816-4732-8e22-ed87146de297", "entityset_id": "entityset"}}, {"name": "f_4", "ordinal": 5, "use_standard_tags": true, "logical_type": {"parameters": {}, "type": "Categorical"}, "physical_type": {"type": "category", "cat_values": ["false"], "cat_dtype": "object"}, "semantic_tags": ["category"], "description": null, "origin": null, "metadata": {"dataframe_name": "2d9cb554-5816-4732-8e22-ed87146de297", "entityset_id": "entityset"}}, {"name": "f_5", "ordinal": 6, "use_standard_tags": true, "logical_type": {"parameters": {}, "type": "Categorical"}, "physical_type": {"type": "category", "cat_values": ["northeast", "northwest", "southeast", "southwest"], "cat_dtype": "object"}, "semantic_tags": ["category"], "description": null, "origin": null, "metadata": {"dataframe_name": "2d9cb554-5816-4732-8e22-ed87146de297", "entityset_id": "entityset"}}, {"name": "f_6", "ordinal": 7, "use_standard_tags": true, "logical_type": {"parameters": {}, "type": "Double"}, "physical_type": {"type": "float64"}, "semantic_tags": ["numeric"], "description": null, "origin": null, "metadata": {"dataframe_name": "2d9cb554-5816-4732-8e22-ed87146de297", "entityset_id": "entityset"}}], "loading_info": {"table_type": "pandas"}, "table_metadata": {"created_index": "7a0bfd27-79da-4d2f-8481-8ba47fde0abb", "entityset_id": "entityset"}}}, "relationships": [], "format": null}, "feature_list": ["2d9cb554-5816-4732-8e22-ed87146de297: f_0", "2d9cb554-5816-4732-8e22-ed87146de297: f_2", "2d9cb554-5816-4732-8e22-ed87146de297: f_3", "2d9cb554-5816-4732-8e22-ed87146de297: f_6", "2d9cb554-5816-4732-8e22-ed87146de297: f_4", "2d9cb554-5816-4732-8e22-ed87146de297: f_5", "2d9cb554-5816-4732-8e22-ed87146de297: f_1"], "feature_definitions": {"2d9cb554-5816-4732-8e22-ed87146de297: f_0": {"type": "IdentityFeature", "dependencies": [], "arguments": {"name": "f_0", "column_name": "f_0", "dataframe_name": "2d9cb554-5816-4732-8e22-ed87146de297"}}, "2d9cb554-5816-4732-8e22-ed87146de297: f_2": {"type": "IdentityFeature", "dependencies": [], "arguments": {"name": "f_2", "column_name": "f_2", "dataframe_name": "2d9cb554-5816-4732-8e22-ed87146de297"}}, "2d9cb554-5816-4732-8e22-ed87146de297: f_3": {"type": "IdentityFeature", "dependencies": [], "arguments": {"name": "f_3", "column_name": "f_3", "dataframe_name": "2d9cb554-5816-4732-8e22-ed87146de297"}}, "2d9cb554-5816-4732-8e22-ed87146de297: f_6": {"type": "IdentityFeature", "dependencies": [], "arguments": {"name": "f_6", "column_name": "f_6", "dataframe_name": "2d9cb554-5816-4732-8e22-ed87146de297"}}, "2d9cb554-5816-4732-8e22-ed87146de297: f_4": {"type": "IdentityFeature", "dependencies": [], "arguments": {"name": "f_4", "column_name": "f_4", "dataframe_name": "2d9cb554-5816-4732-8e22-ed87146de297"}}, "2d9cb554-5816-4732-8e22-ed87146de297: f_5": {"type": "IdentityFeature", "dependencies": [], "arguments": {"name": "f_5", "column_name": "f_5", "dataframe_name": "2d9cb554-5816-4732-8e22-ed87146de297"}}, "2d9cb554-5816-4732-8e22-ed87146de297: f_1": {"type": "IdentityFeature", "dependencies": [], "arguments": {"name": "f_1", "column_name": "f_1", "dataframe_name": "2d9cb554-5816-4732-8e22-ed87146de297"}}}, "primitive_definitions": {}}